product_title,product_url,product_price,product_description,shop,scraping_date,ean,quantity_available,image_url
Warhammer 40000 Introductory Set,https://agtom.eu/zestawy-startowe/383502-warhammer-40000-introductory-set-5011921199280.html,187.0,"W ponurych ciemnościach dalekiej przyszłości istnieje tylko wojna. W rozległych światach Imperium Ludzkości  w galaktyce rozdartej przez burze wojny i nieustanne konflikty  armie Ludzkości walczą o przetrwanie. Gdy Imperium stoi już na krawędzi unicestwienia  rój Tyranidów wyłania się z zimnej próżni między gwiazdami. Space Marines stoją jako ostatnia linia obrony między tą żarłoczną obcą plagą a udręczonymi światami Imperium. Zanurz się w 41. Milenium dzięki zestawowi  Introductory Set  do gry Warhammer 40000 . Ten zestaw daje ci wszystko co potrzebne aby zacząć grać  z wieloma niesamowitymi modelami  polem bitwy do walki  pomocnymi przewodnikami oraz kostkami  narzędziami i zasadami  których potrzebujesz do rozegrania swoich pierwszych gier. Wybierz szlachetnych Space Marines lub Tyranids  oddaj kontrolę nad drugą armią przyjacielowi lub członkowi rodziny i stoczyjcie wielogodzinne bitwy dla rozrywki. Nie ma lepszego sposobu  aby rozpocząć przygodę z Warhammer 40 000 - ten zestaw to również doskonały sposób na rozwinięcie istniejących kolekcji. Ten zestaw zawiera: 1x 48-stronicową  książeczkę Warhammer 40000 Introductory Set Handbook  - zawiera instrukcje montażu  samouczki i misje szkoleniowe  abyś mógł szybko opanować grę bez trudności i kłopotów. 16x modeli do samodzielnego montażu - zestaw zawiera dwie serie modeli do zbudowania  pomalowania i zabawy  wszystkie zaprojektowane do montażu bez użycia kleju  abyś mógł zacząć od razu z minimalnymi kłopotami. Wszystkie modele są dostarczane z odpowiednimi podstawkami  a w zestawie znajduje się: 5x  SPACE MARINES  - genetycznie wzmocnieni żołnierze stworzeni do wojny. Ich już zabójcze umiejętności są wzmacniane przez zbroję bojową  która wzmacnia ich siłę i wytrzymałość  oraz brutalną broń  by całkowicie unicestwić każdego wroga. 5x  Infernus Marines  - pancerni żołnierze  którzy posługują się potężnymi bronią ognia  aby odpędzać nadciągających wrogów. 11x  TYRANIDS  - całkowicie obce stworzenia z odległej galaktyki  napędzane zbiorową świadomością. Pragną tylko pochłonąć całe życie  absorbuje i odtwarza jego biomasa w coraz bardziej ohydne stworzenia. 10x  Termagants  - skubiące hordy prostych stworzeń Tyranidów  uzbrojone w broń  która strzela żywą amunicją. 1x  Ripper Swarm  - małe bestie mające za zadanie dokończyć osłabionych wrogów i obrabować ich kości. 1x dwustronna plansza do gry o wymiarach 30"" na 22 4"" - plansza z papieru  z różnymi ilustracjami pola bitwy po obu stronach. 1x linijka i 6x kości do gry - te niezbędne akcesoria są używane w grach Warhammer 40000 do mierzenia odległości  strzelania  walki wręcz i nie tylko. 22x tekturowe żetony i znaczniki terenowe - żetony reprezentują mury i cele  żetony aktywacji do śledzenia kolejności tur. 1x  Nożyk Citadel Starter  - idealne narzędzie do wyjmowania nowych modeli z ramki. 1x  Pędzel Citadel Colour Starter  - wielozadaniowy pędzel malarski  który pomoże ci przygotować modele do bitwy. 5x farb  Citadel Colour  o pojemności 12 ml - idealne kolory  aby przygotować modele do gry w barwach Ultramarines i Hive Fleet Leviathan  w tym: 1x Abaddon Black 1x Wraithbone 1x Balthasar Gold 1x Naggaroth Night 1x Macragge Blue Modele są niepomalowane i wymagają montażu - zalecamy użycie farb Citadel Colour.",agtom,2025-03-14,5011921199280,6,https://agtom.eu/265867-large_default/warhammer-40000-introductory-set.jpg
Daemons Of Tzeentch Flamers of Tzeentch,https://agtom.eu/disciples-of-tzeentch/329153-daemons-of-tzeentch-flamers-of-tzeentch-5011921178667.html,114.0,W zmiennym i nieprzewidywalnym uniwersum  Warhammer 40000 i Age of Sigmar    Flamers of Tzeentch  to przerażające istoty pełne tajemniczych mocy  służące frakcji  Daemons of Tzeentch . Te demonicze byty  wypluwające z siebie chaosowy płomień warpfire  są zdolne do przypalania ciała  kości i duszy swoich przeciwników  a ich ognie mogą niespodziewanie ożywiać lub leczyć. Ogień Tzeentcha zmienia wszystko! Zestaw  Flamers of Tzeentch  to idealna propozycja dla miłośników chaosu i magicznych istot. Składający się z 36 elementów zestaw umożliwia zbudowanie 3 Flamers  wielogłowych czarowników  z których każdy jest źródłem przerażającego warpfire. Jedną z figurek można zmontować jako Pyrocastera  istotę bardziej ognia niż ciała. 3x  Flamers of Tzeentch  - wielogłowi  plujące ogniem magowie  1x  Pyrocaster  - wariant Flamera  jeszcze bardziej nasączony żywiołem ognia Wprowadzenie  Flamers of Tzeentch  do swojej armii  Warhammer 40000 lub Age of Sigmar  znacząco zwiększa jej potencjał magiczny i zmienniczy. Te niezwykłe modele nie tylko wyróżniają się na polu bitwy swoją unikalną estetyką  ale również oferują szerokie możliwości taktyczne dzięki swoim zdolnościom do manipulowania ogniem i magią. Ich przerażająca siła i tajemnicze moce sprawiają  że są cennym dodatkiem do każdej chaotycznej armii. Zestaw nie zawiera farb  kleju ani narzędzi niezbędnych do sklejenia i pomalowania modeli. W skład zestawu wchodzą 36 elementów  a modele dostarczane są z 3 podstawkami Citadel o średnicy 32mm.,agtom,2025-03-14,5011921178667,6,https://agtom.eu/45861-large_default/daemons-of-tzeentch-flamers-of-tzeentch.jpg
Adeptus Custodes Custodian Wardens,https://agtom.eu/adeptus-custodes/347738-adeptus-custodes-custodian-wardens-5011921172054.html,179.999999,W bezkresnych przestrzeniach  Warhammer 40000    Custodian Wardens  z frakcji  Adeptus Custodes  stanowią nieugiętych strażników Imperatora  niezachwiani w swojej wiecznej czujności. Są oni żywymi fortecami  niezłomnymi w obronie złotego tronu. W ich cierpliwości i determinacji spoczywa siła Imperium. Custodian Wardens to kwintesencja niezłomnych strażników  którzy z opanowaniem i nieskończoną cierpliwością spełniają swoje obowiązki. Przyoblekając ceremonialne szaty  składają osobiste przysięgi  które wzmocnione są pełnym rokiem medytacji. Ich lojalność i determinacja  by nigdy nie złamać tych ślubów  czynią ich przerażająco potężnymi na polu bitwy. 5x  Custodian Wardens   z opcją złożenia Kapitana Tarczy i Vexilus Praetora  uzbrojonych w topory castellan lub włócznie strażnicze  będących żywymi bastionami obrony. Zestaw Custodian Wardens to nie tylko ołtarz poświęcenia i determinacji  ale także potężny element na polu bitwy  zdolny do zatrzymania nawet największych hord wrogów. Ich niezachwiane postanowienie i misterna zbroja  każda skąpana w detalu i symbolice  są odzwierciedleniem ich nieugiętej wiary w Imperatora i jego wieczne panowanie. Zestaw nie zawiera farb  kleju ani narzędzi potrzebnych do sklejenia i pomalowania figurek. Składa się z 78 elementów i jest dostarczany z 5 podstawkami Citadel 40mm Round.,agtom,2025-03-14,5011921172054,2,https://agtom.eu/267722-large_default/adeptus-custodes-custodian-wardens.jpg
Adepta Sororitas Penitent Crusader Host,https://agtom.eu/zestawy-army-set/390498-adepta-sororitas-penitent-crusader-host-5011921238385.html,675.0,Adepta Sororitas Battleforce: Penitent Crusade Host  to zestaw  który oddaje duch poświęcenia i odkupienia Sióstr Bitwy. Adepta Sororitas  uzbrojone ramię imperialnej wiary  broni świętych miejsc Imperatora przed herezją  mutacją  czarami i obcymi. Jednak niektóre siostry muszą odbyć pokutę  by odzyskać łaskę Imperatora. Ten zestaw pozwala nie tylko wzbogacić kolekcję  ale także oszczędzić pieniądze w porównaniu z zakupem modeli oddzielnie. Penitent Crusade Host – odkupienie przez ogień i stal W zestawie  Penitent Crusade Host  znajduje się 25 szczegółowych plastikowych miniatur. Na czele tej pokutnej krucjaty stoi gorliwy  Ministorum Priest   który inspiruje oddziały  Repentia  i  Arco-Flagellants  do niesienia światła Imperatora na pole bitwy. Towarzyszą im dwa opancerzone transportery  Rhino  oraz dwie machiny pokutne  Penitent Engines   pilotowane przez tych  którzy mają jeszcze szansę na odkupienie swoich win. Każda jednostka została zaprojektowana z myślą o elastyczności budowy i szczegółowym odwzorowaniu. 1x  Ministorum Priest  – surowy kapłan inspirujący oddziały do walki 2x  Adepta Sororitas Rhino  – opancerzone transportery zdolne do przenoszenia oddziałów 2x  Penitent Engines  – brutalne maszyny pokutne  alternatywnie do zbudowania jako Mortifiers 9x  Repentia  – oddziały pokutnych wojowniczek 1x  Repentia Superior  – liderka Repentii  nadzorująca ich walkę 10x  Arco-Flagellants  – mutanci  którzy odkupują swoje winy w bitwie 1x  Adepta Sororitas Transfer Sheet  – 290 kalkomanii do personalizacji modeli Zestaw zawiera różnorodne podstawki: 1x  Citadel 32mm Round Slotta Base 1x  Citadel 32mm Round Base 2x  Citadel 50mm Round Bases 9x  Citadel 28.5mm Round Bases 10x  Citadel 25mm Round Bases Adepta Sororitas Battleforce: Penitent Crusade Host  to doskonały wybór dla fanów  Warhammer 40 000   którzy pragną rozszerzyć swoją armię o jednostki pełne pasji i poświęcenia. Modele są dostarczane w stanie niepomalowanym i wymagają montażu. Zalecamy użycie kleju Citadel Plastic Glue oraz farb Citadel Colour  aby w pełni uwydatnić szczegóły i charakter każdej miniatury. Zestaw dostępny jest wyłącznie do wyczerpania zapasów  więc nie zwlekaj z dodaniem tej pokutnej siły do swojej kolekcji!,agtom,2025-03-14,5011921238385,8,https://agtom.eu/292335-large_default/adepta-sororitas-penitent-crusader-host.jpg
Thousand Sons Rubric Marines,https://agtom.eu/thousand-sons/329146-thousand-sons-rubric-marines-5011921153688.html,177.0,W mrocznym wszechświecie  Warhammer 40000    Rubric Marines  frakcji  Thousand Sons  są nieśmiertelnymi wojownikami  których przeklęte zbroje zawierają jedynie błyszczący pył dawnych psykerów. Na polu bitwy otacza ich złośliwe światło  gdy ostrzeliwują tych  którzy niegdyś byli ich braćmi. Wieczni strażnicy zaklętych tajemnic! Zestaw Rubric Marines umożliwia zbudowanie 10 wojowników  uzbrojonych w Inferno boltguny lub warpflamery. Jeden model może być wyposażony w działo dusz  jeden może nieść Ikonę Ognia  a jeden może zostać zmontowany jako Aspiring Sorcerer z kosturem mocy i Inferno bolt pistoletem lub warpflame pistoletem. 10x  Rubric Marines  - nieśmiertelni wojownicy  każdy z unikalną bronią i możliwością personalizacji 1x  Soulreaper cannon  - ciężka broń dla jednego z Rubric Marines 1x  Icon of Flame  - symbol mocy  który może nieść jeden z Rubric Marines 1x  Aspiring Sorcerer  - dowódca oddziału  wyposażony w kostur mocy i pistolet Zestaw  Rubric Marines  to doskonałe uzupełnienie armii  Thousand Sons  w  Warhammer 40000   oferujące zarówno potężne możliwości bojowe  jak i bogate opcje personalizacji. Każdy model emanuje tajemniczą aurą dawnych czasów  co czyni go nie tylko zagrożeniem na polu bitwy  ale także ciekawym projektem modelarskim. Uwaga: zestaw nie zawiera farb  kleju ani narzędzi potrzebnych do sklejenia i pomalowania modeli. Składa się z wielu komponentów i jest dostarczany wraz z 10 podstawkami Citadel 32mm Round.,agtom,2025-03-14,5011921153688,2,https://agtom.eu/245563-large_default/thousand-sons-rubric-marines.jpg
Walizka Citadel Crusade Figure Case,https://agtom.eu/walizki/312693-walizka-citadel-crusade-figure-case-5011921053445.html,499.0,"Walizka na 400 modeli piechoty lub kombinacji czołgów  potworów i piechoty. <iframe width=""560"" height=""315"" src=""https://www.youtube.com/embed/kXgYfQUHKKA"" frameborder=""0"" allowfullscreen></iframe>",agtom,2025-03-14,5011921053445,2,https://agtom.eu/27234-large_default/walizka-citadel-crusade-figure-case.jpg
Warhammer 40000 Ultimate Starter Set,https://agtom.eu/zestawy-startowe/383503-warhammer-40000-ultimate-starter-set-5011921206889.html,589.0,"W ponurych ciemnościach dalekiej przyszłości istnieje tylko wojna. Na rozległych światach Imperium Ludzkości  w galaktyce rozdartej przez burze wojny i nieustanne konflikty  armie Ludzkości walczą o przetrwanie. Gdy Imperium stoi już na krawędzi unicestwienia  rój Tyranidów wyłania się z zimnej próżni między gwiazdami. Space Marines stoją jako ostatnia linia obrony między tą żarłoczną obcą plagą a udręczonymi światami Imperium. Zanurz się w 41. Milenium dzięki zestawowi  Ultimate Starter Set do gry Warhammer 40000 . Ten zestaw daje ci wszystko co potrzebne aby zacząć grać  z wieloma niesamowitymi modelami  polem bitwy do walki  pomocnymi przewodnikami oraz kostkami  narzędziami i zasadami  których potrzebujesz do rozegrania swoich pierwszych gier. Wybierz szlachetnych Space Marines lub Tyranids  oddaj kontrolę nad drugą armią przyjacielowi lub członkowi rodziny i stoczyjcie wielogodzinne bitwy dla rozrywki. Nie ma lepszego sposobu  aby rozpocząć przygodę z Warhammer 40 000 - ten zestaw to również doskonały sposób na rozwinięcie istniejących kolekcji. Ten zestaw zawiera: 1x 72-stronicową książeczkę  Warhammer 40000 ULTIMATE STARTER SET HANDBOOK  - zawiera instrukcje montażu  samouczki i misje szkoleniowe  abyś mógł szybko opanować grę bez trudności i kłopotów. 1x 72-stronicową książeczkę  Warhammer 40000 CORE RULES BOOKLET  - naucz się jak poruszać swoimi modelami  angażować się w walkę i wygrywać gry. Zawiera także pełne zasady gier COMBAT PATROL  szybkiej i w pełni zrównoważonej wersji gry  w której każda strona gra przygotowaną z góry armią. Armie w tym zestawie można wykorzystać jako pełne patrole bojowe dla Space Marines i Tyranids. 44x modele do samodzielnego złożenia i pomalowania - ten zestaw jest wypełniony mnóstwem modeli do zbudowania  pomalowania i zabawy. W pudełku znajdują się dwie początkowe siły  z dowódcami  oddziałami i wsparciem - wszystko zaprojektowane do złożenia bez kleju  więc możesz zacząć zabawę od razu z minimalnymi problemami. Wszystkie modele są dostarczane z odpowiednimi podstawkami. W zestawie znajdują się: 12x  SPACE MARINES   - genetycznie wzmocnieni żołnierze stworzeni do wojny. Ich już zabójcze umiejętności są wzmacniane przez zbroję bojową  która wzmacnia ich siłę i wytrzymałość  oraz brutalną broń  by całkowicie unicestwić każdego wroga. 1x  CAPTAIN IN TERMINATOR ARMOUR  - weteran tysiąca wojen  gotowy do dowodzenia siłą uderzeniową przeciwko dowolnemu wrogowi. 1x  LIBRARIAN IN TERMINATOR ARMOUR  - cała moc Space Marines  połączona z przerażającymi zdolnościami psychokinetycznymi. 5x  TERMINATORS  - doświadczeni wojownicy w nieprzebijalnej zbroi i uzbrojeni w ciężkie bronie. 5x INFERNUS MARINES  - opancerzeni żołnierze  którzy posługują się potężną bronią strumieniową  aby odpędzać wrogów. 32x  TYRANIDS  - całkowicie obce istoty z odległej galaktyki  napędzane przez zbiorową świadomość. Pragną tylko pochłonąć całe życie  absorbujece i odtwarzające biomasę w coraz bardziej ohydne stworzenia. 1x  WINGED TYRANID PRIME  - opływający wokół woli Umysłu Roi  łączący wszystkie Tyranidy w bliskiej odległości. 1x  PSYCHOPHAGE  - ogromna  wyspecjalizowana monstrualność  gotowa pochłonąć wrogów swoim strasznym paszczą. 3x  VON RYAN'S LEAPERS  - mantisopodobne łowcy  którzy atakują z ukrycia  aby schwycić nieostrożne ofiary. 5x  BARBGUANTS  - żywe artylerie zależne od swojej symbiotycznej broni. 20x  TERMAGANTS  - mrowie skaczących prostych stworzeń Tyranidów  uzbrojonych w broń strzelającą. 2x  RIPPER SWARMS  - małe bestie przeznaczone do dokonania końcowego ciosu osłabionym wrogom i dokładnego obdzierania ich ze skóry. 9x plastikowych  modułowych elementów terenu Citadel - graniczne światy Imperium są pełne solidnych struktur  zbudowanych według sprawdzonych wzorców  aby wytrzymać niszczycielskie skutki wojny. Te elementy terenu do sklejenia mają na celu ożywić twoje pole bitwy i zawierają: 1x  STV HAB-BUNKER  - przygotowany na szybko schron  masowo produkowany do użytku na wielu światach Imperium. 8x  Stockady : Obronne mury z kolcami  które można ułożyć i połączyć na różne sposoby. 2x karty informacyjne - po jednej dla każdej armii  zawierające uproszczone karty danych dla każdej jednostki  które pomogą utrzymać płynność gry. 2x dwustronne plansze do gry o wymiarach 30"" na 22 4"" - dwie plansze z grubego kartonu  z różnymi ilustracjami pola bitwy po obu stronach  które można złożyć dla łatwego transportu. Połącz je  aby stworzyć obszerne pole gry. 2x linijki i 10x sześciościennych kości - te niezbędne akcesoria są używane w grach Warhammer 40000 do mierzenia odległości  strzelania  walki wręcz i nie tylko. Modele są niepomalowane i wymagają montażu - zalecamy użycie farb Citadel Colour. Elementy terenusą przeznaczone do sklejenia - zalecamy użycie kleju Citadel Plastic Glue.",agtom,2025-03-14,5011921206889,2,https://agtom.eu/265865-large_default/warhammer-40000-ultimate-starter-set.jpg
Citadel Skulls,https://agtom.eu/tereny-i-scenerie/342809-citadel-skulls-5011921087594.html,97.0,No data,agtom,2025-03-14,5011921087594,0,https://agtom.eu/130574-large_default/citadel-skulls.jpg
Warhammer 40000 Starter Set,https://agtom.eu/zestawy-startowe/383501-warhammer-40000-starter-set-5011921199211.html,312.000001,"W ponurych ciemnościach dalekiej przyszłości istnieje tylko wojna. W rozległych światach Imperium Ludzkości  w galaktyce rozdartej przez burze wojny i nieustanne konflikty  armie Ludzkości walczą o przetrwanie. Gdy Imperium stoi już na krawędzi unicestwienia  rój Tyranidów wyłania się z zimnej próżni między gwiazdami. Space Marines stoją jako ostatnia linia obrony między tą żarłoczną obcą plagą a udręczonymi światami Imperium. Zanurz się w 41. Milenium dzięki zestawowi  Starter Set do gry Warhammer 40000 . Ten zestaw daje ci wszystko co potrzebne aby zacząć grać  z wieloma niesamowitymi modelami  polem bitwy do walki  pomocnymi przewodnikami oraz kostkami  narzędziami i zasadami  których potrzebujesz do rozegrania swoich pierwszych gier. Wybierz szlachetnych Space Marines lub Tyranids  oddaj kontrolę nad drugą armią przyjacielowi lub członkowi rodziny i stoczyjcie wielogodzinne bitwy dla rozrywki. Nie ma lepszego sposobu  aby rozpocząć przygodę z Warhammer 40 000 - ten zestaw to również doskonały sposób na rozwinięcie istniejących kolekcji. Ten zestaw zawiera: 1x 64-stronicową książeczkę  Warhammer 40000 STARTER SET HANDBOOK  - zawiera instrukcje montażu  samouczki i misje szkoleniowe  abyś mógł szybko opanować grę bez trudności i kłopotów. 38x modeli do samodzielnego montażu - ten zestaw zawiera mnóstwo modeli do zbudowania  pomalowania i zabawy. W pudełku znajdują się dwie początkowe siły  z dowódcami  oddziałami i elementami wsparcia - wszystko zaprojektowane do montażu bez użycia kleju  dzięki czemu możesz zacząć od razu. Wszystkie modele są dostarczane z odpowiednimi podstawkami. W zestawie znajdują się: 11x   SPACE MARINES  - genetycznie wzmocnieni żołnierze stworzeni do wojny. Ich zabójcze umiejętności są wzmacniane przez zbroję bojową  która wzmacnia ich siłę i wytrzymałość  oraz brutalną broń  by całkowicie unicestwić każdego wroga. 1x  Captain in Terminator Armour  - weteran tysiąca wojen  gotowy do dowodzenia siłą uderzeniową przeciwko dowolnemu wrogowi. 5x  Terminators  - doświadczeni wojownicy w niemal niezniszczalnej zbroi i uzbrojeni w ciężkie bronie. 5x  Infernus Marines  - pancerni żołnierze  którzy posługują się potężną bronią  aby odpędzać nadciągających wrogów. 27x   TYRANIDS  - całkowicie obce stworzenia z odległej galaktyki  napędzane zbiorową świadomością. Pragną tylko pochłonąć całe życie  absorbujące i odtwarzące biomasę w coraz bardziej ohydne stworzenia. 1x  Winged Tyranid Prime  - łączący wszystkie stworzenia Tyranidów w bliskiej odległości. 1x  Psychophage  - ogromne  wyspecjalizowana monstrum  gotowe pochłonąć wrogów swoją przerażającą paszczą. 3x  Von Ryan’s Leapers  - mantisopodobne łowcy  którzy atakują z ukrycia  aby schwytać nieostrożne ofiary. 20x  Termagants  - hordy prostych stworzeń Tyranidów  uzbrojone w broń  która strzela żywą amunicją. 2x  Ripper Swarms  - małe bestie mające na celu wykończenie osłabionych wrogów. 2x karty informacyjne - po jednej dla każdej armii  zawierające uproszczone karty danych dla każdej jednostki  które pomogą utrzymać płynność gier. 1x dwustronna plansza do gry o wymiarach 30"" na 22 4"" - złożona plansza z papieru  z różnymi ilustracjami pola bitwy po obu stronach. 2x linijki i 10x sześciościennych kości - te niezbędne akcesoria są używane w grach Warhammer 40000 do mierzenia odległości  strzelania  walki wręcz i nie tylko. Modele są niepomalowane i wymagają montażu - zalecamy użycie farb Citadel Colour.",agtom,2025-03-14,5011921199211,6,https://agtom.eu/265866-large_default/warhammer-40000-starter-set.jpg
Adeptus Mechanicus Skitarii,https://agtom.eu/adeptus-mechanicus/312697-adeptus-mechanicus-skitarii-5011921155934.html,161.0,W świecie  Warhammer 40000    Skitarii  z frakcji  Adeptus Mechanicus  to bezlitosni łowcy  nieustannie śledzący swoje ofiary z niewzruszoną determinacją. Uzbrojeni w zaawansowaną technologię  przemierzają kosmos w poszukiwaniu wrogów Imperium. W służbie Omnissiah  żadna ofiara nie ujdzie naszej uwadze. Zestaw  Skitarii  umożliwia zbudowanie drużyny Rangers lub Vanguard  wyposażonych w galwaniczne karabiny i cybernetyczne ulepszenia. Każdy model jest wizualnym odzwierciedleniem technologicznej potęgi Adeptus Mechanicus  od pancerza po bioniczne kończyny  które nadają im niepokojący  mechaniczny wygląd. 10x  Skitarii Rangers  lub  Vanguard   z opcją zbudowania Alphy z radium lub arc pistoletem oraz bronią do walki wręcz (miecz energetyczny  taser goad lub arc maul). Możliwość dodania specjalnych broni takich jak transuranic arquebus  arc rifle i plasma caliver. Zestaw  Skitarii  Adeptus Mechanicus to niezastąpiony element każdej armii poszukującej wszechstronnych i wytrzymałych jednostek. Ich zaawansowanie technologiczne i możliwości adaptacyjne sprawiają  że są oni kluczowi na każdym polu bitwy  gdzie logiczna precyzja łączy się z nieubłaganą siłą. Zestaw nie zawiera farb  kleju ani narzędzi potrzebnych do sklejenia i pomalowania modeli. Zawiera wszystkie niezbędne elementy do zbudowania dziesięciu Skitarii Rangers lub Vanguard  w tym 124 komponenty  małą arkusz z kalkomaniami  jedną podstawkę Citadel 60x35.5mm Oval Base i dziesięć podstawek Citadel 25mm Round Bases.,agtom,2025-03-14,5011921155934,1,https://agtom.eu/240086-large_default/adeptus-mechanicus-skitarii.jpg
Tau Empire Commander,https://agtom.eu/tau-empire/323314-tau-empire-commander-5011921170005.html,173.000001,W uniwersum  Warhammer 40000   dowódcy Tau Empire wyróżniają się nie tylko zaawansowanymi  battlesuitami   ale również strategicznym geniuszem i zdolnością adaptacji do nieprzewidywalnych sytuacji bojowych. Latami ciężkiej służby i niezliczonych bitew każdy z dowódców zasłużył na swoje prestiżowe stanowisko  dowodząc swoimi umiejętnościami i poświęceniem dla Wielkiego Dobra. Strategia i siła  w służbie Wielkiego Dobra! Zestaw Tau Empire Commander pozwala zbudować jednego Dowódcę Tau  wyposażonego w potężny  XV-85 Enforcer Armour Crisis Battlesuit  lub  XV86 Coldstar Battlesuit . Oba warianty oferują ogromny wybór uzbrojenia i konfiguracji  w tym miotacze płomieni  blaster plazmowy  projektor fragmentacyjny i wiele innych  co umożliwia stworzenie dowódcy idealnie dopasowanego do preferowanej taktyki na polu bitwy. 1x  Dowódca Tau  w  battlesuicie   wyposażony w zaawansowane systemy elektroniczne i przetwarzania danych  zwiększające jego skuteczność bojową. Dodatkowo zestaw zawiera drona  który można zmontować jako drona bojowego  tarczowego lub znacznikowego. Zestaw ten nie zawiera farb  kleju ani narzędzi potrzebnych do sklejenia i pomalowania modeli. Modele dostarczane są niepomalowane i wymagają montażu. Zestaw zawiera jedną podstawkę o średnicy 60 mm oraz 77 komponentów.,agtom,2025-03-14,5011921170005,2,https://agtom.eu/240025-large_default/tau-empire-commander.jpg
Warhammer 40.000: Leviathan,https://agtom.eu/zestawy-startowe/382781-warhammer-40000-leviathan-5011921199143.html,750.000001,Zanurz się w epicką bitwę kosmiczną  która rozgrywa się w niesamowitym świecie  Warhammer 40000 . Przedstawiamy  Warhammer 40 000: Leviathan   największy zestaw w historii Warhammera  który przynosi niesamowitą potyczkę między Space Marines a Tyranidami. Flota  Leviathan nadchodzi wraz z 10. edycją Warhammera 40.000 ! Zestaw Warhammer 40 000: Leviathan zawiera aż 72 nowe miniaturki  podzielone między Space Marines i Tyranidów. W skład zestawu wchodzi też olbrzymi  limitowany podręcznik Leviathan Core Book  zawierający wszystko  co znajdzie się w podręczniku Warhammer 40.000 Core Book  wzbogacony o dodatkowe tło fabularne i galerie miniatur. Dodatkowo  otrzymujesz 66-kartowy zestaw Chapter Approved Mission Card Deck oraz arkusz z kalkomaniami dla każdego z chapterów Space Marines. Zestaw jest dostępny w limitowanej ilości  więc warto się pospieszyć! Space Marines:  -  1x Captain in Terminator Armour : Nieustraszony dowódca w pancerzu Terminator.  -  1x Librarian in Terminator Armour : Potężny czarownik w pancerzu Terminator.  -  1x Primaris Lieutenant in Phobos Armour : Zręczny i skuteczny dowódca w pancerzu Phobos.  -  1x Apothecary Biologis : Lekarz polowy  kluczowy w odbudowie sił.  -  5x Terminators : Ciężkozbrojni weterani w pancerzach Terminator.  -  5x Sternguard : Elitarni wojownicy z zaawansowanym uzbrojeniem.  -  1x Ballistus Dreadnought : Ogromny mech z potężnym uzbrojeniem dalekiego zasięgu.  -  10x Infernus Marines : Marines uzbrojeni w miotacze ognia.   Tyranidzi:  -  1x Winged Tyranid Prime : Latający  dziki dowódca Tyranidów.  -  1x Neurotyrant + 2 Neuroloid lackeys : Potężny Tyranid z psioniczną mocą i dwoma sługami.  -  3x Von Ryan’s Leapers : Szybkie jednostki skakające.  -  1x Psychophage : Tyranid manipulujący umysłami.  -  20x Termagants + 2 Ripper Swarms : Rój podstawowych jednostek i roju Ripperów.  -  11x Neurogaunts : Tyranidzi z psioniczn ymi mocami.  -  5x Barbgaunts : Silne jednostki Tyranidów z ostrzami.  -  1x Screamer-Killer : Brutalna  kultowa jednostka Tyranidów. Launch box 10-tej edycji Warhammer 40 000: Leviathan to wyjątkowy zestaw dla każdego fana Warhammera. Oferuje szeroki wybór miniatur i akcesoriów  które zachwycą zarówno początkujących  jak i doświadczonych graczy. Dwa pełne zestawy Combat Patrol i wiele innych modeli do rozbudowy armii! W zestawie znajdują się modele pozwalające skompletować Combat Patrol dla każdej ze stron: Combat Patrol Space Marines  - Strike Force Octavius składa się z: - 1x Captain in Terminator Armour - 1x Librarian in Terminator Armour - 5x Terminator - 5x Infernus Marines Combat Patrol Tyranids  - The Vardenghast Swarm składa się z: - 1x Winged Tyranid Prime - 1x Psychophage - 20x Termagants + 2 Ripper Swarms - 5x Barbgaunts - 3x Von Ryan’s Leapers Combat Patrol to zestaw armii przystosowany do tego  aby wystawić go do zbalansowanej gry przeciwko Combat Patrolowi innej frakcji. W 10. edycji będzie to jeden z głównych sposobów rozgrywki. Wszystkie pozostałe figurki w zestawie Leviathan można wykorzystać do rozbudowy swoich armii. Zestaw nie zawiera farb  kleju ani narzędzi niezbędnych do składania i malowania figurek. Podręczniki zawarty w zestawie jest w języku angielskim.,agtom,2025-03-14,5011921199143,0,https://agtom.eu/263877-large_default/warhammer-40000-leviathan.jpg
Space Marines Primaris Redemptor Dreadnought,https://agtom.eu/space-marines/340809-space-marines-primaris-redemptor-dreadnought-5011921142378.html,224.0,W świecie  Warhammer 40000    Primaris Redemptor Dreadnought  to kolosalna machina wojenna  zdolna zmiażdżyć kości i roztrzaskać czaszki  przechodząc przez szeregi wrogów. Wyższy  szerszy i bardziej zaawansowany niż tradycyjne dreadnoughty  te goliaty bitewne są napędzane przez hipergęste reaktory i zaawansowane wiązki włókien. Stąpający gigant  nieuchronna siła na polu bitwy! Zestaw  Primaris Redemptor Dreadnought  oferuje wszystkie komponenty potrzebne do złożenia tej imponującej jednostki. Znacząco wyższy niż Primaris Space Marines  ten model wyróżnia się agresywnym wyglądem  który pasuje do jego roli na polu gry. Możliwość wyboru między działkiem gatlinga a plazmowym inkwizytorem na prawej ręce  a także Redemptor Fist z ciężkim miotaczem ognia lub dodatkową armatą gatlinga na lewej  dodaje mu uniwersalności. Zestaw zawiera również opcje uzbrojenia montowanego na klatce piersiowej i karapaksie  zwiększając jego siłę ognia przeciwko celom lądowym i powietrznym. 1x  Primaris Redemptor Dreadnought  - z opcjami personalizacji uzbrojenia i dynamiczną pozycją. Zestaw  Primaris Redemptor Dreadnought  zawiera 109 komponentów  umożliwiających złożenie tej potężnej jednostki  wraz z podstawką Citadel 90mm Round i arkuszem kalkomanii. Pancerz klatki piersiowej dreadnoughta może być modelowany tak  aby był otwarty  ukazując zamkniętą w nim sarkofag  co dodaje modelowi głębi i historii. Zestaw nie zawiera farb  kleju ani narzędzi potrzebnych do sklejenia i pomalowania modeli. Miniatury wymagają złożenia – zalecamy użycie kleju Citadel Plastic Glue i farb Citadel Colour.,agtom,2025-03-14,5011921142378,1,https://agtom.eu/240018-large_default/space-marines-primaris-redemptor-dreadnought.jpg
Imperial Knights Knight Dominus,https://agtom.eu/imperial-knights/377396-imperial-knights-knight-dominus-5011921174003.html,524.0,W świecie  Warhammer 40000    Knight Dominus  jest jednym z największych dostępnych rycerzy dla każdego Domu Rycerskiego  będąc potężnym symbolem imperialnej siły na polu bitwy. Te chodzące fortece  uzbrojone w broń zdolną zrównać z ziemią całe armie  są prawdziwymi cudami techniki. Siła ognia  która przesądza o losach bitew! Zestaw  Knight Dominus  pozwala zbudować  jednego  z trzech tytanów: Knight Castellan lub Knight Valiant  a także Knight Tyrant dla Chaos Knights. Każdy z nich jest wyposażony w potężną broń długiego zasięgu  w tym plazmowe decymatory  wulkaniczne lance czy harpuny thundercoil  czyniąc te modele mobilnymi bateriami artyleryjskimi. Dodatkowo  każdy z nich oferuje szeroki wybór poz  płyt twarzowych i elementów pancerza  umożliwiając stworzenie unikalnej maszyny wojennej. 1x  Knight Castellan  - tytaniczny wybór dla armii Imperial Knights  uzbrojony w plazmowy decymator i wulkaniczną lancę  lub  1x  Knight Valiant  - tytaniczny wybór dla armii Imperial Knights  uzbrojony w konflagracyjne działo i harpun thundercoil  lub  1x  Knight Tyrant  - tytaniczny wybór dla armii Chaos Knights  z możliwością wyboru broni. Zestaw  Knight Dominus  to doskonały projekt malarski i centralny element każdej kolekcji  oferujący nie tylko potężną siłę na polu bitwy  ale także niezrównane możliwości personalizacji. Dzięki 172 elementom plastikowym i jednej owalnej podstawce Citadel o wymiarach 170 mm  każdy model może zostać dopasowany do indywidualnych preferencji gracza  tworząc prawdziwie unikalną maszynę wojenną. Modele są dostarczane niepomalowane i wymagają złożenia. Zestaw nie zawiera farb  kleju ani narzędzi potrzebnych do sklejenia i pomalowania figurek.,agtom,2025-03-14,5011921174003,2,https://agtom.eu/276099-large_default/imperial-knights-knight-dominus.jpg
Podstawki okrągłe 25mm 10 szt.,https://agtom.eu/podstawki/386344-podstawki-okragle-25mm-10-szt.html,15.0,Okrągłe Podstawki do gier bitewnych od  ZygiArt. Zapraszamy do świata unikatowych podstawek do miniatur  gdzie każda figura zyskuje swój indywidualny charakter dzięki okrągłym podstawkom wyprodukowanym przez ZygiArt. Te precyzyjnie wykonane akcesoria są owocem nowoczesnej technologii druku 3D  co pozwala na osiągnięcie wyjątkowej dokładności i detali. Materiał: Wykorzystujemy wysokiej jakości PLA  co zapewnia naszym podstawkom zarówno trwałość  jak i przyjazność dla środowiska. Dzięki temu Twoje hobby staje się nie tylko bardziej ekscytujące  ale i odpowiedzialne. Rozmiar i Dopasowanie: Nasze okrągłe podstawki dostępne są w różnych rozmiarach  co umożliwia idealne dopasowanie do wielu typów figurek. Bez względu na to  czy poszukujesz małych podstawek pod piechotę  czy większych dla imponujących bohaterów  mamy w ofercie odpowiednie rozwiązania. Personalizacja: Podstawki są zaprojektowane tak  abyś mógł łatwo je malować  ozdabiać i dostosowywać do własnych potrzeb  tworząc jedyną w swoim rodzaju scenografię dla swoich modeli. Zastosowanie: Idealne do gier takich jak Warhammer Age of Sigmar  Warhammer 40.000  Horus Heresy  Necromunda  Warcry  Kill Team  D&D oraz wielu innych systemów bitewnych i RPG. Te podstawki dodadzą charakteru każdej figurce  sprawiając  że Twoja kolekcja stanie się jeszcze bardziej unikatowa.,agtom,2025-03-14,No data,4,https://agtom.eu/277932-large_default/podstawki-okragle-25mm-10-szt.jpg
Orks Runtherd And Gretchin,https://agtom.eu/orks/302401-ork-gretchin-5011921156986.html,72.999999,W mrocznym świecie  Warhammer 40000    Runtherd i Gretchin  to niezbędne jednostki w armii Orków  wypełniające szeregi swoją liczebnością i służące jako kanonada mięsa armatniego. Mimo swojej tchórzliwości i fizycznej nieudolności  Gretchiny często popychane są do walki przez Runtherda  który z żelazną ręką utrzymuje porządek wśród swojej gromady. Przewaga liczebna zawsze ma znaczenie! Zestaw  Runtherd i Gretchin  zapewnia Orkom nie tylko liczebność  ale i różnorodność na polu bitwy. Runtherd  uzbrojony i gotowy do utrzymania dyscypliny  prowadzi swoją gromadę Gretchinów  którzy mimo braku umiejętności bojowych  mogą okazać się cennym atutem dzięki swojej liczbie i zdolności do zasypywania przeciwnika ogniem z bliskiej odległości. 1x  Ork Runtherd   strażnik i przywódca Gretchinów  wyposażony w narzędzia do utrzymywania dyscypliny. 10x  Gretchin   słabe  ale liczne jednostki  zdolne do zaskakującego zacięcia w walce grupowej. Zestaw  Runtherd i Gretchin  to doskonały dodatek do każdej armii Orków w Warhammer 40000  oferując nie tylko liczebność  ale i komiczną rozrywkę na polu bitwy. Te małe zielone stworzenia  prowadzone przez swojego despotycznego strażnika  mogą nie wydawać się groźne pojedynczo  ale w grupie stanowią realne zagrożenie. Zestaw zawiera 10 wieloczęściowych plastikowych modeli Gretchinów  wieloczęściowego plastikowego Orka Runtherda  12 wariantów głów Gretchinów  2 warianty głów Runtherda  podstawki o średnicy 32mm dla Orka i 25mm dla Gretchinów. Modele te są dostarczane niepomalowane i wymagają złożenia. Zestaw nie zawiera farb  kleju ani narzędzi potrzebnych do sklejenia i pomalowania modeli.,agtom,2025-03-14,5011921156986,1,https://agtom.eu/234243-large_default/ork-gretchin.jpg
COMBAT PATROL Astra Militarum,https://agtom.eu/astra-militarum/391583-combat-patrol-astra-militarum-5011921225163.html,469.0,No data,agtom,2025-03-14,5011921225163,6,https://agtom.eu/297094-large_default/combat-patrol-astra-militarum.jpg
COMBAT PATROL Death Guard,https://agtom.eu/death-guard/369190-combat-patrol-death-guard-5011921138814.html,439.0,Zanurz się w mrocznym świecie  Warhammer 40000  i stan na czele armii straszliwych mistrzów zarazy z zestawem  Combat Patrol: Death Guard . Zaraza i Zgnilizna w Służbie Wielkiego Ojca! Zestaw Combat Patrol: Death Guard oferuje kluczowy wybór jednostek tej odrażającej frakcji. Zawierający 39 wieloczęściowych plastikowych miniatur  ten zestaw to doskonały punkt wyjścia dla nowych graczy lub uzupełnienie istniejącej armii. Doskonale nadaje się do rozgrywek open play  tworzenia narracji w ramach Crusade army  czy rywalizacji w matched play mission. 1x Typhus  - Mroczny przywódca  przynoszący zarazę i zniszczenie.   1x Biologus Putrifier  - Ekspert w dziedzinie biologicznych trucizn i zaraz.   7x Plague Marines  - Zarażeni wojownicy  niestrudzeni w walce.   30x Pox Walkers  - Szeregi zgniłych  zarażonych istot pragnących zniszczenia. Zestaw Combat Patrol: Death Guard to nie tylko idealne wprowadzenie do armii Death Guard  ale także znacząca oszczędność. Kupując ten zestaw  zaoszczędzasz od 30% do 40% w porównaniu z zakupem modeli osobno. Uwaga: Zestaw nie zawiera farb  kleju ani narzędzi  które są niezbędne do złożenia i pomalowania modeli i figurek. W 10. edycji Warhammer 40000  zestawy Combat Patrol zostały starannie zbalansowane  dzięki czemu Combat Patrole różnych armii mogą być wystawiane do gry przeciwko sobie.,agtom,2025-03-14,5011921138814,2,https://agtom.eu/215746-large_default/combat-patrol-death-guard.jpg
Space Marines Tactical Squad,https://agtom.eu/space-marines/309707-space-marine-tactical-squad-5011921142453.html,166.000001,W uniwersum  Warhammer 40000    Tactical Squad  stanowi trzon każdej armii  Space Marines   zdolny do utrzymania pozycji  wsparcia ogniowego i zażartych walk wręcz  zależnie od wymagań zmieniającego się pola bitwy. W każdym miejscu  w każdej chwili - Tactical Squad gotów do walki! Zestaw  Tactical Squad  oferuje wszystko  co potrzebne do zbudowania 10-osobowego oddziału  w tym sierżanta i żołnierza z bronią specjalną. Dzięki licznych opcjom personalizacji  każdy model może być unikatowy. W zestawie znajdują się różnorodne torsy  pozycje nóg  głowy  plecaki  a także bogaty wybór broni  w tym unikatowe boltery  broń specjalistyczną oraz opcje uzbrojenia dla sierżanta. Dodatkowe akcesoria  jak banery  noże bojowe  granaty i inne  pozwalają na jeszcze większe dopasowanie modeli do indywidualnych preferencji. 1x  Sierżant  - z opcjami personalizacji  w tym różnymi głowami i bronią.   9x  Żołnierze Tactical Squad  - z szeroką gamą broni i pozycji. Zestaw  Space Marines Tactical Squad  zawiera 179 komponentów  umożliwiających złożenie 10-osobowego oddziału oraz liczne elementy dodatkowe  które pozwolą na personalizację każdego modelu. Do zestawu dołączone są również 2 arkusze z kalkomaniami Ultramarines  które ułatwią dodanie oznaczeń kapitularnych i oznakowania oddziałów. Zestaw nie zawiera farb  kleju ani narzędzi potrzebnych do sklejenia i pomalowania modeli. Miniatury wymagają złożenia – zalecamy użycie kleju Citadel Plastic Glue i farb Citadel Colour.,agtom,2025-03-14,5011921142453,0,https://agtom.eu/240016-large_default/space-marine-tactical-squad.jpg
BATTLEFORCE Imperial Agents Ordo Malleus,https://agtom.eu/imperial-agents/388593-battleforce-imperial-agents-ordo-malleus-5011921182718.html,620.0,Imperial Agents Battleforce: Ordo Malleus  to potężna siła uderzeniowa składająca się z elitarnych agentów Ordo Malleus  przeznaczona do walki z demonami i chaosem w świecie  Warhammer 40000 . Zestaw ten umożliwia stworzenie 24 modeli  w tym Inkwizytora Coteaza  nieugiętego Purysty  który przewodzi tej drużynie wyspecjalizowanych agentów. W tej śmiertelnie groźnej grupie znajdziesz również Terminatorów Grey Knights  gotowych do walki z demonicznymi zagrożeniami. Walka z chaosem w imię Złotego Tronu! Zestaw  Imperial Agents Battleforce: Ordo Malleus  oferuje potężną siłę bojową  którą poprowadzi Inkwizytor Coteaz wraz ze swoją drużyną lojalnych agentów i terminatorami Grey Knights. Zawiera także Ministorum Priest  Culexus Assassin oraz Chimera – pojazd transportowy gotowy do wsparcia w walce. Ta kombinacja specjalistów  kapłanów i elitarnych wojowników to doskonały sposób na rozpoczęcie lub rozbudowanie armii Imperial Agents  oferując znaczne oszczędności w porównaniu z zakupem modeli osobno. Idealny dla graczy  którzy chcą walczyć z zagrożeniami spoza wymiaru realnego. 1x  Inquisitor Coteaz  - nieugięty lider Ordo Malleus z Glovodan Psyber-eagle.  1x  Ministorum Priest  - fanatyczny duchowny uzbrojony w Vindictor.  1x  Culexus Assassin  - zabójca specjalizujący się w polowaniu na psykerów.  1x  Chimera  - pojazd transportowy dla agentów Imperium.  5x  Grey Knights Terminator  - elitarni wojownicy do walki z demonami.  14x  Inquisitorial Agents  - tajni agenci wyspecjalizowani w tropieniu i eliminacji zagrożeń. 1x Citadel 32mm Round Slotta Base - podstawka dla Inkwizytora Coteaza.  7x Citadel 40mm Round Bases - podstawki dla Terminatorów.  3x Citadel 32mm Round Bases - podstawki dla kapłana i zabójcy.  12x Citadel 25mm Round Bases - podstawki dla agentów Inkwizycji. Zestaw  Imperial Agents Battleforce: Ordo Malleus  zawiera 332 elementy plastikowe  które pozwolą zbudować potężną armię agentów Imperium. Dzięki tej kolekcji masz możliwość stworzenia oddziałów zdolnych do walki z najgroźniejszymi zagrożeniami. Miniatury są dostarczane niepomalowane i wymagają złożenia  a w zestawie znajdują się wysokiej jakości kalkomanie Astra Militarum  aby dodać indywidualnego charakteru Twoim modelom. Zestaw nie zawiera farb  kleju ani narzędzi potrzebnych do złożenia i pomalowania modeli. Do złożenia wymaga 332 plastikowych elementów oraz podstawki Citadel.,agtom,2025-03-14,5011921182718,6,https://agtom.eu/286196-large_default/battleforce-imperial-agents-ordo-malleus.jpg
